query,gallery
test/query/1.jpg,test/gallery/61.jpg-test/gallery/1.jpg-test/gallery/60.jpg-test/gallery/532.jpg-test/gallery/533.jpg-test/gallery/540.jpg-test/gallery/527.jpg-test/gallery/95.jpg-test/gallery/525.jpg-test/gallery/603.jpg
test/query/2.jpg,test/gallery/2.jpg-test/gallery/66.jpg-test/gallery/67.jpg-test/gallery/27.jpg-test/gallery/71.jpg-test/gallery/549.jpg-test/gallery/548.jpg-test/gallery/585.jpg-test/gallery/81.jpg-test/gallery/574.jpg
test/query/3.jpg,test/gallery/3.jpg-test/gallery/419.jpg-test/gallery/415.jpg-test/gallery/427.jpg-test/gallery/409.jpg-test/gallery/10.jpg-test/gallery/569.jpg-test/gallery/20.jpg-test/gallery/388.jpg-test/gallery/232.jpg
test/query/4.jpg,test/gallery/4.jpg-test/gallery/5.jpg-test/gallery/7.jpg-test/gallery/237.jpg-test/gallery/388.jpg-test/gallery/251.jpg-test/gallery/236.jpg-test/gallery/227.jpg-test/gallery/422.jpg-test/gallery/408.jpg
test/query/5.jpg,test/gallery/5.jpg-test/gallery/239.jpg-test/gallery/238.jpg-test/gallery/6.jpg-test/gallery/252.jpg-test/gallery/227.jpg-test/gallery/251.jpg-test/gallery/237.jpg-test/gallery/7.jpg-test/gallery/241.jpg
test/query/6.jpg,test/gallery/239.jpg-test/gallery/6.jpg-test/gallery/238.jpg-test/gallery/252.jpg-test/gallery/7.jpg-test/gallery/5.jpg-test/gallery/251.jpg-test/gallery/237.jpg-test/gallery/253.jpg-test/gallery/241.jpg
test/query/7.jpg,test/gallery/6.jpg-test/gallery/3.jpg-test/gallery/20.jpg-test/gallery/13.jpg-test/gallery/324.jpg-test/gallery/238.jpg-test/gallery/427.jpg-test/gallery/320.jpg-test/gallery/19.jpg-test/gallery/252.jpg
test/query/8.jpg,test/gallery/11.jpg-test/gallery/221.jpg-test/gallery/15.jpg-test/gallery/229.jpg-test/gallery/243.jpg-test/gallery/8.jpg-test/gallery/233.jpg-test/gallery/235.jpg-test/gallery/234.jpg-test/gallery/226.jpg
test/query/9.jpg,test/gallery/3.jpg-test/gallery/232.jpg-test/gallery/233.jpg-test/gallery/246.jpg-test/gallery/415.jpg-test/gallery/419.jpg-test/gallery/409.jpg-test/gallery/8.jpg-test/gallery/9.jpg-test/gallery/249.jpg
test/query/10.jpg,test/gallery/10.jpg-test/gallery/249.jpg-test/gallery/7.jpg-test/gallery/5.jpg-test/gallery/232.jpg-test/gallery/11.jpg-test/gallery/409.jpg-test/gallery/13.jpg-test/gallery/239.jpg-test/gallery/3.jpg
test/query/11.jpg,test/gallery/11.jpg-test/gallery/248.jpg-test/gallery/242.jpg-test/gallery/232.jpg-test/gallery/8.jpg-test/gallery/249.jpg-test/gallery/233.jpg-test/gallery/7.jpg-test/gallery/243.jpg-test/gallery/237.jpg
test/query/12.jpg,test/gallery/246.jpg-test/gallery/247.jpg-test/gallery/265.jpg-test/gallery/264.jpg-test/gallery/249.jpg-test/gallery/8.jpg-test/gallery/9.jpg-test/gallery/233.jpg-test/gallery/275.jpg-test/gallery/232.jpg
test/query/13.jpg,test/gallery/13.jpg-test/gallery/325.jpg-test/gallery/20.jpg-test/gallery/324.jpg-test/gallery/6.jpg-test/gallery/321.jpg-test/gallery/320.jpg-test/gallery/21.jpg-test/gallery/294.jpg-test/gallery/3.jpg
test/query/14.jpg,test/gallery/232.jpg-test/gallery/251.jpg-test/gallery/239.jpg-test/gallery/5.jpg-test/gallery/233.jpg-test/gallery/14.jpg-test/gallery/7.jpg-test/gallery/10.jpg-test/gallery/238.jpg-test/gallery/237.jpg
test/query/15.jpg,test/gallery/8.jpg-test/gallery/249.jpg-test/gallery/246.jpg-test/gallery/235.jpg-test/gallery/9.jpg-test/gallery/234.jpg-test/gallery/247.jpg-test/gallery/265.jpg-test/gallery/248.jpg-test/gallery/233.jpg
test/query/16.jpg,test/gallery/16.jpg-test/gallery/292.jpg-test/gallery/280.jpg-test/gallery/293.jpg-test/gallery/279.jpg-test/gallery/286.jpg-test/gallery/316.jpg-test/gallery/317.jpg-test/gallery/294.jpg-test/gallery/302.jpg
test/query/17.jpg,test/gallery/304.jpg-test/gallery/17.jpg-test/gallery/305.jpg-test/gallery/282.jpg-test/gallery/265.jpg-test/gallery/287.jpg-test/gallery/268.jpg-test/gallery/293.jpg-test/gallery/246.jpg-test/gallery/283.jpg
test/query/18.jpg,test/gallery/26.jpg-test/gallery/18.jpg-test/gallery/297.jpg-test/gallery/325.jpg-test/gallery/271.jpg-test/gallery/21.jpg-test/gallery/14.jpg-test/gallery/13.jpg-test/gallery/303.jpg-test/gallery/254.jpg
test/query/19.jpg,test/gallery/19.jpg-test/gallery/21.jpg-test/gallery/272.jpg-test/gallery/273.jpg-test/gallery/14.jpg-test/gallery/274.jpg-test/gallery/302.jpg-test/gallery/204.jpg-test/gallery/300.jpg-test/gallery/18.jpg
test/query/20.jpg,test/gallery/227.jpg-test/gallery/238.jpg-test/gallery/239.jpg-test/gallery/28.jpg-test/gallery/321.jpg-test/gallery/6.jpg-test/gallery/13.jpg-test/gallery/20.jpg-test/gallery/252.jpg-test/gallery/322.jpg
test/query/21.jpg,test/gallery/21.jpg-test/gallery/310.jpg-test/gallery/311.jpg-test/gallery/294.jpg-test/gallery/18.jpg-test/gallery/297.jpg-test/gallery/301.jpg-test/gallery/19.jpg-test/gallery/322.jpg-test/gallery/271.jpg
test/query/22.jpg,test/gallery/289.jpg-test/gallery/268.jpg-test/gallery/293.jpg-test/gallery/281.jpg-test/gallery/311.jpg-test/gallery/272.jpg-test/gallery/269.jpg-test/gallery/18.jpg-test/gallery/288.jpg-test/gallery/273.jpg
test/query/23.jpg,test/gallery/294.jpg-test/gallery/21.jpg-test/gallery/23.jpg-test/gallery/19.jpg-test/gallery/324.jpg-test/gallery/154.jpg-test/gallery/325.jpg-test/gallery/20.jpg-test/gallery/297.jpg-test/gallery/298.jpg
test/query/24.jpg,test/gallery/20.jpg-test/gallery/6.jpg-test/gallery/321.jpg-test/gallery/324.jpg-test/gallery/320.jpg-test/gallery/13.jpg-test/gallery/28.jpg-test/gallery/21.jpg-test/gallery/285.jpg-test/gallery/325.jpg
test/query/25.jpg,test/gallery/25.jpg-test/gallery/295.jpg-test/gallery/318.jpg-test/gallery/293.jpg-test/gallery/292.jpg-test/gallery/319.jpg-test/gallery/309.jpg-test/gallery/307.jpg-test/gallery/308.jpg-test/gallery/17.jpg
test/query/26.jpg,test/gallery/26.jpg-test/gallery/18.jpg-test/gallery/328.jpg-test/gallery/297.jpg-test/gallery/476.jpg-test/gallery/329.jpg-test/gallery/310.jpg-test/gallery/25.jpg-test/gallery/296.jpg-test/gallery/21.jpg
test/query/27.jpg,test/gallery/28.jpg-test/gallery/27.jpg-test/gallery/306.jpg-test/gallery/253.jpg-test/gallery/321.jpg-test/gallery/4.jpg-test/gallery/320.jpg-test/gallery/578.jpg-test/gallery/519.jpg-test/gallery/252.jpg
test/query/28.jpg,test/gallery/28.jpg-test/gallery/321.jpg-test/gallery/306.jpg-test/gallery/584.jpg-test/gallery/27.jpg-test/gallery/308.jpg-test/gallery/320.jpg-test/gallery/307.jpg-test/gallery/309.jpg-test/gallery/318.jpg
test/query/29.jpg,test/gallery/7.jpg-test/gallery/270.jpg-test/gallery/28.jpg-test/gallery/5.jpg-test/gallery/29.jpg-test/gallery/251.jpg-test/gallery/275.jpg-test/gallery/282.jpg-test/gallery/252.jpg-test/gallery/283.jpg
test/query/30.jpg,test/gallery/30.jpg-test/gallery/275.jpg-test/gallery/282.jpg-test/gallery/307.jpg-test/gallery/182.jpg-test/gallery/230.jpg-test/gallery/283.jpg-test/gallery/274.jpg-test/gallery/22.jpg-test/gallery/29.jpg
test/query/31.jpg,test/gallery/31.jpg-test/gallery/486.jpg-test/gallery/354.jpg-test/gallery/487.jpg-test/gallery/357.jpg-test/gallery/356.jpg-test/gallery/355.jpg-test/gallery/346.jpg-test/gallery/353.jpg-test/gallery/482.jpg
test/query/32.jpg,test/gallery/443.jpg-test/gallery/442.jpg-test/gallery/469.jpg-test/gallery/485.jpg-test/gallery/484.jpg-test/gallery/32.jpg-test/gallery/475.jpg-test/gallery/517.jpg-test/gallery/480.jpg-test/gallery/462.jpg
test/query/33.jpg,test/gallery/33.jpg-test/gallery/451.jpg-test/gallery/394.jpg-test/gallery/473.jpg-test/gallery/450.jpg-test/gallery/374.jpg-test/gallery/474.jpg-test/gallery/539.jpg-test/gallery/375.jpg-test/gallery/446.jpg
test/query/34.jpg,test/gallery/34.jpg-test/gallery/370.jpg-test/gallery/429.jpg-test/gallery/599.jpg-test/gallery/382.jpg-test/gallery/385.jpg-test/gallery/550.jpg-test/gallery/553.jpg-test/gallery/397.jpg-test/gallery/396.jpg
test/query/35.jpg,test/gallery/35.jpg-test/gallery/587.jpg-test/gallery/433.jpg-test/gallery/381.jpg-test/gallery/485.jpg-test/gallery/586.jpg-test/gallery/563.jpg-test/gallery/560.jpg-test/gallery/67.jpg-test/gallery/594.jpg
test/query/36.jpg,test/gallery/36.jpg-test/gallery/511.jpg-test/gallery/567.jpg-test/gallery/510.jpg-test/gallery/383.jpg-test/gallery/589.jpg-test/gallery/385.jpg-test/gallery/577.jpg-test/gallery/388.jpg-test/gallery/335.jpg
test/query/37.jpg,test/gallery/500.jpg-test/gallery/37.jpg-test/gallery/501.jpg-test/gallery/534.jpg-test/gallery/75.jpg-test/gallery/543.jpg-test/gallery/538.jpg-test/gallery/555.jpg-test/gallery/468.jpg-test/gallery/36.jpg
test/query/38.jpg,test/gallery/38.jpg-test/gallery/603.jpg-test/gallery/525.jpg-test/gallery/524.jpg-test/gallery/532.jpg-test/gallery/39.jpg-test/gallery/77.jpg-test/gallery/542.jpg-test/gallery/527.jpg-test/gallery/543.jpg
test/query/39.jpg,test/gallery/39.jpg-test/gallery/533.jpg-test/gallery/532.jpg-test/gallery/527.jpg-test/gallery/526.jpg-test/gallery/49.jpg-test/gallery/530.jpg-test/gallery/603.jpg-test/gallery/525.jpg-test/gallery/524.jpg
test/query/40.jpg,test/gallery/67.jpg-test/gallery/66.jpg-test/gallery/477.jpg-test/gallery/41.jpg-test/gallery/541.jpg-test/gallery/587.jpg-test/gallery/597.jpg-test/gallery/418.jpg-test/gallery/40.jpg-test/gallery/531.jpg
test/query/41.jpg,test/gallery/41.jpg-test/gallery/382.jpg-test/gallery/547.jpg-test/gallery/597.jpg-test/gallery/567.jpg-test/gallery/594.jpg-test/gallery/42.jpg-test/gallery/418.jpg-test/gallery/577.jpg-test/gallery/477.jpg
test/query/42.jpg,test/gallery/547.jpg-test/gallery/556.jpg-test/gallery/585.jpg-test/gallery/548.jpg-test/gallery/433.jpg-test/gallery/472.jpg-test/gallery/451.jpg-test/gallery/450.jpg-test/gallery/42.jpg-test/gallery/428.jpg
test/query/43.jpg,test/gallery/43.jpg-test/gallery/549.jpg-test/gallery/548.jpg-test/gallery/67.jpg-test/gallery/591.jpg-test/gallery/561.jpg-test/gallery/66.jpg-test/gallery/587.jpg-test/gallery/49.jpg-test/gallery/575.jpg
test/query/44.jpg,test/gallery/554.jpg-test/gallery/44.jpg-test/gallery/545.jpg-test/gallery/550.jpg-test/gallery/439.jpg-test/gallery/401.jpg-test/gallery/601.jpg-test/gallery/567.jpg-test/gallery/589.jpg-test/gallery/569.jpg
test/query/45.jpg,test/gallery/45.jpg-test/gallery/580.jpg-test/gallery/365.jpg-test/gallery/581.jpg-test/gallery/568.jpg-test/gallery/573.jpg-test/gallery/384.jpg-test/gallery/48.jpg-test/gallery/550.jpg-test/gallery/160.jpg
test/query/46.jpg,test/gallery/46.jpg-test/gallery/438.jpg-test/gallery/596.jpg-test/gallery/594.jpg-test/gallery/567.jpg-test/gallery/544.jpg-test/gallery/577.jpg-test/gallery/585.jpg-test/gallery/437.jpg-test/gallery/565.jpg
test/query/47.jpg,test/gallery/585.jpg-test/gallery/565.jpg-test/gallery/558.jpg-test/gallery/570.jpg-test/gallery/549.jpg-test/gallery/563.jpg-test/gallery/47.jpg-test/gallery/49.jpg-test/gallery/584.jpg-test/gallery/46.jpg
test/query/48.jpg,test/gallery/48.jpg-test/gallery/581.jpg-test/gallery/45.jpg-test/gallery/44.jpg-test/gallery/568.jpg-test/gallery/580.jpg-test/gallery/569.jpg-test/gallery/550.jpg-test/gallery/600.jpg-test/gallery/601.jpg
test/query/49.jpg,test/gallery/49.jpg-test/gallery/39.jpg-test/gallery/533.jpg-test/gallery/532.jpg-test/gallery/527.jpg-test/gallery/530.jpg-test/gallery/526.jpg-test/gallery/541.jpg-test/gallery/535.jpg-test/gallery/525.jpg
